{"name":"phalseid_satellite-data","title":"Satellite Data","description":"UCS_Satellite Database 7-1-16\n\n\"Assembled by experts at the Union of Concerned Scientists (UCS), the Satellite Database is a listing of the more than 1000 operational satellites currently in orbit around Earth.\" http://www.ucsusa.org/nuclear-weapons/space-weapons/satellite-database#.WD76VbIrJhG","homepage":"https://data.world/phalseid/satellite-data","license":"Public Domain","resources":[{"name":"ucs_satellite_database_7_1_16","schema":{"fields":[{"name":"name_of_satellite_alternate_names","title":"Name of Satellite, Alternate Names","type":"string","rdfType":"http://www.w3.org/2001/XMLSchema#string","dwSourceId":"name_of_satellite_alternate_names"},{"name":"country_org_of_un_registry","title":"Country/Org of UN Registry","type":"string","rdfType":"http://www.w3.org/2001/XMLSchema#string","dwSourceId":"country_org_of_un_registry"},{"name":"country_of_operator_owner","title":"Country of Operator/Owner","type":"string","rdfType":"http://www.w3.org/2001/XMLSchema#string","dwSourceId":"country_of_operator_owner"},{"name":"operator_owner","title":"Operator/Owner","type":"string","rdfType":"http://www.w3.org/2001/XMLSchema#string","dwSourceId":"operator_owner"},{"name":"users","title":"Users","type":"string","rdfType":"http://www.w3.org/2001/XMLSchema#string","dwSourceId":"users"},{"name":"purpose","title":"Purpose","type":"string","rdfType":"http://www.w3.org/2001/XMLSchema#string","dwSourceId":"purpose"},{"name":"detailed_purpose","title":"Detailed Purpose","type":"string","rdfType":"http://www.w3.org/2001/XMLSchema#string","dwSourceId":"detailed_purpose"},{"name":"class_of_orbit","title":"Class of Orbit","type":"string","rdfType":"http://www.w3.org/2001/XMLSchema#string","dwSourceId":"class_of_orbit"},{"name":"type_of_orbit","title":"Type of Orbit","type":"string","rdfType":"http://www.w3.org/2001/XMLSchema#string","dwSourceId":"type_of_orbit"},{"name":"longitude_of_geo_degrees","title":"Longitude of GEO (degrees)","type":"number","rdfType":"http://www.w3.org/2001/XMLSchema#decimal","dwSourceId":"longitude_of_geo_degrees"},{"name":"perigee_km","title":"Perigee (km)","type":"integer","rdfType":"http://www.w3.org/2001/XMLSchema#integer","dwSourceId":"perigee_km"},{"name":"apogee_km","title":"Apogee (km)","type":"integer","rdfType":"http://www.w3.org/2001/XMLSchema#integer","dwSourceId":"apogee_km"},{"name":"eccentricity","title":"Eccentricity","type":"number","rdfType":"http://www.w3.org/2001/XMLSchema#decimal","dwSourceId":"eccentricity"},{"name":"inclination_degrees","title":"Inclination (degrees)","type":"number","rdfType":"http://www.w3.org/2001/XMLSchema#decimal","dwSourceId":"inclination_degrees"},{"name":"period_minutes","title":"Period (minutes)","type":"string","rdfType":"http://www.w3.org/2001/XMLSchema#string","dwSourceId":"period_minutes"},{"name":"launch_mass_kg","title":"Launch Mass (kg.)","type":"number","rdfType":"http://www.w3.org/2001/XMLSchema#decimal","dwSourceId":"launch_mass_kg"},{"name":"dry_mass_kg","title":"Dry Mass (kg.)","type":"string","rdfType":"http://www.w3.org/2001/XMLSchema#string","dwSourceId":"dry_mass_kg"},{"name":"power_watts","title":"Power (watts)","type":"string","rdfType":"http://www.w3.org/2001/XMLSchema#string","dwSourceId":"power_watts"},{"name":"date_of_launch","title":"Date of Launch","type":"date","rdfType":"http://www.w3.org/2001/XMLSchema#date","dwSourceId":"date_of_launch"},{"name":"expected_lifetime","title":"Expected Lifetime","type":"string","rdfType":"http://www.w3.org/2001/XMLSchema#string","dwSourceId":"expected_lifetime"},{"name":"contractor","title":"Contractor","type":"string","rdfType":"http://www.w3.org/2001/XMLSchema#string","dwSourceId":"contractor"},{"name":"country_of_contractor","title":"Country of Contractor","type":"string","rdfType":"http://www.w3.org/2001/XMLSchema#string","dwSourceId":"country_of_contractor"},{"name":"launch_site","title":"Launch Site","type":"string","rdfType":"http://www.w3.org/2001/XMLSchema#string","dwSourceId":"launch_site"},{"name":"launch_vehicle","title":"Launch Vehicle","type":"string","rdfType":"http://www.w3.org/2001/XMLSchema#string","dwSourceId":"launch_vehicle"},{"name":"cospar_number","title":"COSPAR Number","type":"string","rdfType":"http://www.w3.org/2001/XMLSchema#string","dwSourceId":"cospar_number"},{"name":"norad_number","title":"NORAD Number","type":"integer","rdfType":"http://www.w3.org/2001/XMLSchema#integer","dwSourceId":"norad_number"},{"name":"comments","title":"Comments","type":"string","rdfType":"http://www.w3.org/2001/XMLSchema#string","dwSourceId":"comments"},{"name":"column_ab","title":"Column AB","type":"string","rdfType":"http://www.w3.org/2001/XMLSchema#string","dwSourceId":"column_ab"},{"name":"source_used_for_orbital_data","title":"Source Used for Orbital Data","type":"string","rdfType":"http://www.w3.org/2001/XMLSchema#string","dwSourceId":"source_used_for_orbital_data"},{"name":"source","title":"Source","type":"string","rdfType":"http://www.w3.org/2001/XMLSchema#anyURI","dwSourceId":"source"},{"name":"source_2","title":"Source","type":"string","rdfType":"http://www.w3.org/2001/XMLSchema#anyURI","dwSourceId":"source_2"},{"name":"source_3","title":"Source","type":"string","rdfType":"http://www.w3.org/2001/XMLSchema#anyURI","dwSourceId":"source_3"},{"name":"source_4","title":"Source","type":"string","rdfType":"http://www.w3.org/2001/XMLSchema#anyURI","dwSourceId":"source_4"},{"name":"source_5","title":"Source","type":"string","rdfType":"http://www.w3.org/2001/XMLSchema#anyURI","dwSourceId":"source_5"},{"name":"source_6","title":"Source","type":"string","rdfType":"http://www.w3.org/2001/XMLSchema#anyURI","dwSourceId":"source_6"}]},"path":"data/ucs_satellite_database_7_1_16.csv","format":"csv"},{"name":"original/UCS_Satellite_Database_7-1-16.xls","description":"the Satellite Database is  Assembled by experts at the Union of Concerned Scientists (UCS),","path":"original/UCS_Satellite_Database_7-1-16.xls","format":"xls","mediatype":"application/vnd.ms-excel","bytes":1000960}],"keywords":["space"]}